{"cameraMode":{"drawMode":0,"name":"Shaded","section":"Shading Mode"},"sceneLighting":true,"audioPlay":false,"sceneViewState":{"showFog":true,"showMaterialUpdate":false,"showSkybox":true,"showFlares":true,"showImageEffects":true,"showParticleSystems":true},"in2DMode":false,"pivot":{"x":-0.04100000113248825,"y":0.06199999898672104,"z":0.029999999329447748},"rotation":{"x":0.24206717312335969,"y":0.005821590311825275,"z":-0.0014520687982439995,"w":0.9702409505844116},"size":22.0,"orthographic":true}