{"cameraMode":{"drawMode":0,"name":"Shaded","section":"Shading Mode"},"sceneLighting":false,"audioPlay":false,"sceneViewState":{"showFog":true,"showMaterialUpdate":false,"showSkybox":false,"showFlares":true,"showImageEffects":true,"showParticleSystems":true},"in2DMode":false,"pivot":{"x":0.6566410064697266,"y":-0.8791608810424805,"z":0.007435798645019531},"rotation":{"x":-0.09354925900697708,"y":0.9042145609855652,"z":-0.2593352198600769,"w":-0.32617464661598208},"size":22.0,"orthographic":false}